{
  "1": {"diameter": 0.2136586, "min_x": -37.9343, "min_y": -38.7996, "min_z": -45.8845, "size_x": 75.8686, "size_y": 77.5992, "size_z": 91.769},
  "2": {"diameter": 0.2475000, "min_x": -37.9343, "min_y": -38.7996, "min_z": -45.8845, "size_x": 75.8686, "size_y": 77.5992, "size_z": 91.769},
  "3": {"diameter": 0.2475000, "min_x": -37.9343, "min_y": -38.7996, "min_z": -45.8845, "size_x": 75.8686, "size_y": 77.5992, "size_z": 91.769},
  "4": {"diameter": 0.29, "min_x": -37.9343, "min_y": -38.7996, "min_z": -45.8845, "size_x": 75.8686, "size_y": 77.5992, "size_z": 91.769},
  "5": {"diameter": 0.12, "min_x": -37.9343, "min_y": -38.7996, "min_z": -45.8845, "size_x": 75.8686, "size_y": 77.5992, "size_z": 91.769},
  "6": {"diameter": 0.19, "min_x": -37.9343, "min_y": -38.7996, "min_z": -45.8845, "size_x": 75.8686, "size_y": 77.5992, "size_z": 91.769},
  "7": {"diameter": 0.145, "min_x": -37.9343, "min_y": -38.7996, "min_z": -45.8845, "size_x": 75.8686, "size_y": 77.5992, "size_z": 91.769}
}
